<?xml version = '1.0' encoding = 'UTF-8'?>
<Table class="oracle.dbtools.crest.model.design.relational.Table" directorySegmentName="seg_0" id="1D4D4BE4-CFDA-D17E-9FB0-E140AC5A8B2F" name="TB_CLIENTE">
<createdBy>logonrmlocal</createdBy>
<createdTime>2024-04-04 01:10:36 UTC</createdTime>
<generatorID>1303DFF5-0E9D-A923-AC48-A12884D0871C</generatorID>
<ownerDesignName>exercicio_pastelaria</ownerDesignName>
<allowColumnReorder>false</allowColumnReorder>
<existDependencyGenerateInDDl>true</existDependencyGenerateInDDl>
<parsed>true</parsed>
<columns itemClass="oracle.dbtools.crest.model.design.relational.Column">
<Column name="nome_cliente" id="FE84B2FA-4AAB-8EC9-0649-12A74DEB9DFE">
<createdBy>logonrmlocal</createdBy>
<createdTime>2024-04-04 01:10:36 UTC</createdTime>
<generatorID>457CAED5-7FED-06A2-B338-811B9760F540</generatorID>
<ownerDesignName>exercicio_pastelaria</ownerDesignName>
<nullsAllowed>true</nullsAllowed>
<useDomainConstraints>false</useDomainConstraints>
<use>1</use>
<logicalDatatype>LOGDT024</logicalDatatype>
<ownDataTypeParameters>,,</ownDataTypeParameters>
<autoIncrementCycle>false</autoIncrementCycle>
</Column>
<Column name="id_cliente" id="66061FFF-3C9A-E907-5124-430BA30E6A65">
<createdBy>logonrmlocal</createdBy>
<createdTime>2024-04-04 01:10:36 UTC</createdTime>
<generatorID>56735AFA-55B1-5BB6-AAF0-58489F89E8DF</generatorID>
<ownerDesignName>exercicio_pastelaria</ownerDesignName>
<useDomainConstraints>false</useDomainConstraints>
<use>1</use>
<logicalDatatype>LOGDT011</logicalDatatype>
<ownDataTypeParameters>,,</ownDataTypeParameters>
<autoIncrementCycle>false</autoIncrementCycle>
</Column>
<Column name="endereco_cliente" id="1D87997E-7D2F-105F-64E6-C9825B5221A2">
<createdBy>logonrmlocal</createdBy>
<createdTime>2024-04-04 01:10:36 UTC</createdTime>
<generatorID>16C10A07-20D3-F5D6-91EE-C0BF9D82B73A</generatorID>
<ownerDesignName>exercicio_pastelaria</ownerDesignName>
<nullsAllowed>true</nullsAllowed>
<useDomainConstraints>false</useDomainConstraints>
<use>1</use>
<logicalDatatype>LOGDT024</logicalDatatype>
<ownDataTypeParameters>,,</ownDataTypeParameters>
<autoIncrementCycle>false</autoIncrementCycle>
</Column>
</columns>
<indexes itemClass="oracle.dbtools.crest.model.design.relational.Index">
<ind_PK_UK id="E5587C77-FE39-9918-7EDA-272FD4B29695" name="TB_CLIENTE_PK">
<createdBy>logonrmlocal</createdBy>
<createdTime>2024-04-04 01:10:36 UTC</createdTime>
<generatorID>B62B666F-D437-F9CB-099A-DC04A4F1D1B9</generatorID>
<ownerDesignName>exercicio_pastelaria</ownerDesignName>
<pk>true</pk>
<indexState>Primary Constraint</indexState>
<isSurrogateKey>false</isSurrogateKey>
<indexColumnUsage>
<colUsage columnID="66061FFF-3C9A-E907-5124-430BA30E6A65"/>
</indexColumnUsage>
</ind_PK_UK>
</indexes>
</Table>