<?xml version = '1.0' encoding = 'UTF-8'?>
<Table class="oracle.dbtools.crest.model.design.relational.Table" directorySegmentName="seg_0" id="359DCC0A-5273-50FC-789A-4DB6FBC57AF9" name="TB_INGREDIENTE">
<createdBy>logonrmlocal</createdBy>
<createdTime>2024-04-04 01:10:36 UTC</createdTime>
<generatorID>FBAB0EF4-CB42-9E1F-3FD5-602689478391</generatorID>
<ownerDesignName>exercicio_pastelaria</ownerDesignName>
<allowColumnReorder>false</allowColumnReorder>
<existDependencyGenerateInDDl>true</existDependencyGenerateInDDl>
<parsed>true</parsed>
<columns itemClass="oracle.dbtools.crest.model.design.relational.Column">
<Column name="id_ingrediente" id="50D34F40-A198-8705-5D08-F68D4E08F25C">
<createdBy>logonrmlocal</createdBy>
<createdTime>2024-04-04 01:10:36 UTC</createdTime>
<generatorID>1CBF2D29-1897-FAF7-DBBE-59CB19FA3E59</generatorID>
<ownerDesignName>exercicio_pastelaria</ownerDesignName>
<useDomainConstraints>false</useDomainConstraints>
<use>1</use>
<logicalDatatype>LOGDT011</logicalDatatype>
<ownDataTypeParameters>,,</ownDataTypeParameters>
<autoIncrementCycle>false</autoIncrementCycle>
</Column>
<Column name="nome_ingrediente" id="452D61E5-9FB1-946A-6634-0974E8160067">
<createdBy>logonrmlocal</createdBy>
<createdTime>2024-04-04 01:10:36 UTC</createdTime>
<generatorID>7D545583-EF3C-6552-C7EE-940F4685D02D</generatorID>
<ownerDesignName>exercicio_pastelaria</ownerDesignName>
<nullsAllowed>true</nullsAllowed>
<useDomainConstraints>false</useDomainConstraints>
<use>1</use>
<logicalDatatype>LOGDT024</logicalDatatype>
<ownDataTypeParameters>,,</ownDataTypeParameters>
<autoIncrementCycle>false</autoIncrementCycle>
</Column>
</columns>
<indexes itemClass="oracle.dbtools.crest.model.design.relational.Index">
<ind_PK_UK id="79B79BFC-D917-5AB7-4B2E-C2BE55643C8F" name="TB_INGREDIENTE_PK">
<createdBy>logonrmlocal</createdBy>
<createdTime>2024-04-04 01:10:36 UTC</createdTime>
<generatorID>379FED13-BFAB-4136-32B0-9B97FEBEB10A</generatorID>
<ownerDesignName>exercicio_pastelaria</ownerDesignName>
<pk>true</pk>
<indexState>Primary Constraint</indexState>
<isSurrogateKey>false</isSurrogateKey>
<indexColumnUsage>
<colUsage columnID="50D34F40-A198-8705-5D08-F68D4E08F25C"/>
</indexColumnUsage>
</ind_PK_UK>
</indexes>
</Table>