<?xml version = '1.0' encoding = 'UTF-8'?>
<Table class="oracle.dbtools.crest.model.design.relational.Table" directorySegmentName="seg_0" id="3A0877CB-E78B-B372-B461-FF963E6D1387" name="TB_RELACIONAL_PEDIDO">
<createdBy>logonrmlocal</createdBy>
<createdTime>2024-04-04 01:10:36 UTC</createdTime>
<ownerDesignName>exercicio_pastelaria</ownerDesignName>
<allowColumnReorder>false</allowColumnReorder>
<existDependencyGenerateInDDl>true</existDependencyGenerateInDDl>
<parsed>true</parsed>
<columns itemClass="oracle.dbtools.crest.model.design.relational.Column">
<Column name="id_cliente" id="E23DB988-5874-C12C-E28A-CF490DB30E9F">
<createdBy>logonrmlocal</createdBy>
<createdTime>2024-04-04 01:10:36 UTC</createdTime>
<ownerDesignName>exercicio_pastelaria</ownerDesignName>
<useDomainConstraints>false</useDomainConstraints>
<use>1</use>
<logicalDatatype>LOGDT011</logicalDatatype>
<ownDataTypeParameters>,,</ownDataTypeParameters>
<previousColumn>false</previousColumn>
<autoIncrementCycle>false</autoIncrementCycle>
<associations>
<colAssociation fkAssociation="E7673AE7-7FC8-B28F-BE50-0CD8EA245D21" referredColumn="66061FFF-3C9A-E907-5124-430BA30E6A65"/>
</associations>
</Column>
<Column name="TB_SALGADO_TB_SALGADO_ID" id="723CFBA4-BD78-403F-5697-56D54CD42B6D">
<createdBy>logonrmlocal</createdBy>
<createdTime>2024-04-04 01:10:36 UTC</createdTime>
<ownerDesignName>exercicio_pastelaria</ownerDesignName>
<useDomainConstraints>false</useDomainConstraints>
<use>1</use>
<logicalDatatype>LOGDT019</logicalDatatype>
<ownDataTypeParameters>,,</ownDataTypeParameters>
<previousColumn>false</previousColumn>
<autoIncrementCycle>false</autoIncrementCycle>
<associations>
<colAssociation fkAssociation="CA12FFE2-B7D1-A096-C235-7FE28837C334" referredColumn="286A7139-F2C1-0A9D-D71B-D87B01A83CAB"/>
</associations>
</Column>
<Column name="id_salgado" id="1894A925-3B9B-C5BE-F331-F8855DAFB94D">
<createdBy>logonrmlocal</createdBy>
<createdTime>2024-04-04 01:18:59 UTC</createdTime>
<ownerDesignName>exercicio_pastelaria</ownerDesignName>
<useDomainConstraints>false</useDomainConstraints>
<use>1</use>
<logicalDatatype>LOGDT011</logicalDatatype>
<ownDataTypeParameters>,,</ownDataTypeParameters>
<previousColumn>false</previousColumn>
<autoIncrementCycle>false</autoIncrementCycle>
<associations>
<colAssociation fkAssociation="CA12FFE2-B7D1-A096-C235-7FE28837C334" referredColumn="343CD366-8AE9-876C-B170-1C03E4C023A3"/>
</associations>
</Column>
<Column name="hora_pedido" id="72044696-66F4-6A9C-E932-0159238BF208">
<createdBy>logonrmlocal</createdBy>
<createdTime>2024-04-04 01:25:22 UTC</createdTime>
<ownerDesignName>exercicio_pastelaria</ownerDesignName>
<nullsAllowed>true</nullsAllowed>
<useDomainConstraints>false</useDomainConstraints>
<use>1</use>
<logicalDatatype>LOGDT015</logicalDatatype>
<ownDataTypeParameters>,,</ownDataTypeParameters>
<autoIncrementCycle>false</autoIncrementCycle>
</Column>
</columns>
<indexes itemClass="oracle.dbtools.crest.model.design.relational.Index">
<ind_PK_UK id="F280411B-38F7-E5F0-68FE-82F2B251BA73" name="TB_RELACIONAL_PEDIDO_PK">
<createdBy>logonrmlocal</createdBy>
<createdTime>2024-04-04 01:10:36 UTC</createdTime>
<ownerDesignName>exercicio_pastelaria</ownerDesignName>
<pk>true</pk>
<indexState>Primary Constraint</indexState>
<isSurrogateKey>false</isSurrogateKey>
<indexColumnUsage>
<colUsage columnID="E23DB988-5874-C12C-E28A-CF490DB30E9F"/>
<colUsage columnID="723CFBA4-BD78-403F-5697-56D54CD42B6D"/>
<colUsage columnID="1894A925-3B9B-C5BE-F331-F8855DAFB94D"/>
</indexColumnUsage>
</ind_PK_UK>
<ind_PK_UK id="98BADEFF-5D80-AE51-7F20-4E2E65335EF1" name="TB_RELACIONAL_PEDIDO_TB_CLIENTE_FK">
<createdBy>logonrmlocal</createdBy>
<createdTime>2024-04-04 01:10:36 UTC</createdTime>
<generatorID>2368F719-5E1B-9B5D-626C-D22E686EC7B8</generatorID>
<ownerDesignName>exercicio_pastelaria</ownerDesignName>
<indexState>Foreign Key</indexState>
<isSurrogateKey>false</isSurrogateKey>
<indexColumnUsage>
<colUsage columnID="E23DB988-5874-C12C-E28A-CF490DB30E9F"/>
</indexColumnUsage>
</ind_PK_UK>
<ind_PK_UK id="631964C5-9539-656A-3CB8-6638A53A5E34" name="TB_RELACIONAL_PEDIDO_TB_SALGADO_FK">
<createdBy>logonrmlocal</createdBy>
<createdTime>2024-04-04 01:10:36 UTC</createdTime>
<generatorID>2368F719-5E1B-9B5D-626C-D22E686EC7B8</generatorID>
<ownerDesignName>exercicio_pastelaria</ownerDesignName>
<indexState>Foreign Key</indexState>
<isSurrogateKey>false</isSurrogateKey>
<indexColumnUsage>
<colUsage columnID="723CFBA4-BD78-403F-5697-56D54CD42B6D"/>
<colUsage columnID="1894A925-3B9B-C5BE-F331-F8855DAFB94D"/>
</indexColumnUsage>
</ind_PK_UK>
</indexes>
</Table>