<?xml version = '1.0' encoding = 'UTF-8'?>
<Table class="oracle.dbtools.crest.model.design.relational.Table" directorySegmentName="seg_0" id="98C965EB-2CA4-3E02-8CE6-148D2135E4D4" name="TB_RELACIONAL_COMPOSICAO">
<createdBy>logonrmlocal</createdBy>
<createdTime>2024-04-04 01:10:36 UTC</createdTime>
<ownerDesignName>exercicio_pastelaria</ownerDesignName>
<allowColumnReorder>false</allowColumnReorder>
<existDependencyGenerateInDDl>true</existDependencyGenerateInDDl>
<parsed>true</parsed>
<columns itemClass="oracle.dbtools.crest.model.design.relational.Column">
<Column name="TB_SALGADO_TB_SALGADO_ID" id="4E93128D-7873-5B8F-74CD-FEE8DE67A7B5">
<createdBy>logonrmlocal</createdBy>
<createdTime>2024-04-04 01:10:36 UTC</createdTime>
<ownerDesignName>exercicio_pastelaria</ownerDesignName>
<useDomainConstraints>false</useDomainConstraints>
<use>1</use>
<logicalDatatype>LOGDT019</logicalDatatype>
<ownDataTypeParameters>,,</ownDataTypeParameters>
<previousColumn>false</previousColumn>
<autoIncrementCycle>false</autoIncrementCycle>
<associations>
<colAssociation fkAssociation="E1346DA4-D940-8558-3AA6-DCFAD3EDA374" referredColumn="286A7139-F2C1-0A9D-D71B-D87B01A83CAB"/>
</associations>
</Column>
<Column name="TB_INGREDIENTE_id_ingrediente" id="DB426DBE-1CDF-9D9C-B066-DA38BE907B05">
<createdBy>logonrmlocal</createdBy>
<createdTime>2024-04-04 01:10:36 UTC</createdTime>
<ownerDesignName>exercicio_pastelaria</ownerDesignName>
<useDomainConstraints>false</useDomainConstraints>
<use>1</use>
<logicalDatatype>LOGDT011</logicalDatatype>
<ownDataTypeParameters>,,</ownDataTypeParameters>
<previousColumn>false</previousColumn>
<autoIncrementCycle>false</autoIncrementCycle>
<associations>
<colAssociation fkAssociation="71970196-8FE0-B785-6305-B1D310C506FA" referredColumn="50D34F40-A198-8705-5D08-F68D4E08F25C"/>
</associations>
</Column>
<Column name="TB_SALGADO_id_salgado" id="59E054D1-0B89-41DC-8E20-AA4D34E1EFD8">
<createdBy>logonrmlocal</createdBy>
<createdTime>2024-04-04 01:18:59 UTC</createdTime>
<ownerDesignName>exercicio_pastelaria</ownerDesignName>
<useDomainConstraints>false</useDomainConstraints>
<use>1</use>
<logicalDatatype>LOGDT011</logicalDatatype>
<ownDataTypeParameters>,,</ownDataTypeParameters>
<previousColumn>false</previousColumn>
<autoIncrementCycle>false</autoIncrementCycle>
<associations>
<colAssociation fkAssociation="E1346DA4-D940-8558-3AA6-DCFAD3EDA374" referredColumn="343CD366-8AE9-876C-B170-1C03E4C023A3"/>
</associations>
</Column>
</columns>
<indexes itemClass="oracle.dbtools.crest.model.design.relational.Index">
<ind_PK_UK id="91CAE20A-1C7E-0202-ECBD-5910DE96D4D9" name="TB_RELACIONAL_COMPOSICAO_PK">
<createdBy>logonrmlocal</createdBy>
<createdTime>2024-04-04 01:10:36 UTC</createdTime>
<ownerDesignName>exercicio_pastelaria</ownerDesignName>
<pk>true</pk>
<indexState>Primary Constraint</indexState>
<isSurrogateKey>false</isSurrogateKey>
<indexColumnUsage>
<colUsage columnID="4E93128D-7873-5B8F-74CD-FEE8DE67A7B5"/>
<colUsage columnID="DB426DBE-1CDF-9D9C-B066-DA38BE907B05"/>
<colUsage columnID="59E054D1-0B89-41DC-8E20-AA4D34E1EFD8"/>
</indexColumnUsage>
</ind_PK_UK>
<ind_PK_UK id="49CB3C70-0E10-4EE8-06A9-97FE4FB848C6" name="TB_RELACIONAL_COMPOSICAO_TB_SALGADO_FK">
<createdBy>logonrmlocal</createdBy>
<createdTime>2024-04-04 01:10:36 UTC</createdTime>
<generatorID>26236E48-8032-DD4B-8238-207246436F15</generatorID>
<ownerDesignName>exercicio_pastelaria</ownerDesignName>
<indexState>Foreign Key</indexState>
<isSurrogateKey>false</isSurrogateKey>
<indexColumnUsage>
<colUsage columnID="4E93128D-7873-5B8F-74CD-FEE8DE67A7B5"/>
<colUsage columnID="59E054D1-0B89-41DC-8E20-AA4D34E1EFD8"/>
</indexColumnUsage>
</ind_PK_UK>
<ind_PK_UK id="3A6C2489-A5DE-6BAA-26FC-F25056D5DFA9" name="TB_RELACIONAL_COMPOSICAO_TB_INGREDIENTE_FK">
<createdBy>logonrmlocal</createdBy>
<createdTime>2024-04-04 01:10:36 UTC</createdTime>
<generatorID>26236E48-8032-DD4B-8238-207246436F15</generatorID>
<ownerDesignName>exercicio_pastelaria</ownerDesignName>
<indexState>Foreign Key</indexState>
<isSurrogateKey>false</isSurrogateKey>
<indexColumnUsage>
<colUsage columnID="DB426DBE-1CDF-9D9C-B066-DA38BE907B05"/>
</indexColumnUsage>
</ind_PK_UK>
</indexes>
</Table>