<?xml version = '1.0' encoding = 'UTF-8'?>
<Table class="oracle.dbtools.crest.model.design.relational.Table" directorySegmentName="seg_0" id="AE7211D3-6E9D-956B-F615-3398C8969693" name="TB_CONTATO">
<createdBy>logonrmlocal</createdBy>
<createdTime>2024-04-04 01:10:36 UTC</createdTime>
<generatorID>465356DE-4439-A101-AE88-35288C0E7B19</generatorID>
<ownerDesignName>exercicio_pastelaria</ownerDesignName>
<allowColumnReorder>false</allowColumnReorder>
<existDependencyGenerateInDDl>true</existDependencyGenerateInDDl>
<parsed>true</parsed>
<columns itemClass="oracle.dbtools.crest.model.design.relational.Column">
<Column name="email" id="8ADC56CB-8103-01A9-FCCD-6367C4674694">
<createdBy>logonrmlocal</createdBy>
<createdTime>2024-04-04 01:10:36 UTC</createdTime>
<generatorID>EE999E48-6768-F29F-FB3A-37E9C5C42332</generatorID>
<ownerDesignName>exercicio_pastelaria</ownerDesignName>
<nullsAllowed>true</nullsAllowed>
<useDomainConstraints>false</useDomainConstraints>
<use>1</use>
<logicalDatatype>LOGDT024</logicalDatatype>
<ownDataTypeParameters>,,</ownDataTypeParameters>
<autoIncrementCycle>false</autoIncrementCycle>
</Column>
<Column name="telefone" id="718782DD-5D17-E071-EE04-5150C3D69624">
<createdBy>logonrmlocal</createdBy>
<createdTime>2024-04-04 01:10:36 UTC</createdTime>
<generatorID>0A98C3A0-048E-02CA-4F50-0AE92533BA27</generatorID>
<ownerDesignName>exercicio_pastelaria</ownerDesignName>
<nullsAllowed>true</nullsAllowed>
<useDomainConstraints>false</useDomainConstraints>
<use>1</use>
<logicalDatatype>LOGDT011</logicalDatatype>
<ownDataTypeParameters>,,</ownDataTypeParameters>
<autoIncrementCycle>false</autoIncrementCycle>
</Column>
<Column name="id_cliente" id="71DD215D-CD7F-732A-144E-CC8CBE5FE3A8">
<createdBy>logonrmlocal</createdBy>
<createdTime>2024-04-04 01:10:36 UTC</createdTime>
<generatorID>14A33FE7-4F4C-6E19-4C1D-A24D2A2940A8</generatorID>
<ownerDesignName>exercicio_pastelaria</ownerDesignName>
<useDomainConstraints>false</useDomainConstraints>
<use>1</use>
<logicalDatatype>LOGDT011</logicalDatatype>
<ownDataTypeParameters>,,</ownDataTypeParameters>
<previousColumn>false</previousColumn>
<autoIncrementCycle>false</autoIncrementCycle>
<associations>
<colAssociation fkAssociation="652F3AA0-4B2C-EF45-D4EF-3F27BE7EE277" referredColumn="66061FFF-3C9A-E907-5124-430BA30E6A65"/>
</associations>
</Column>
</columns>
<indexes itemClass="oracle.dbtools.crest.model.design.relational.Index">
<ind_PK_UK id="8CBD33A1-5EF2-C987-738F-D198D1A11511" name="TB_CONTATO_PK">
<createdBy>logonrmlocal</createdBy>
<createdTime>2024-04-04 01:20:54 UTC</createdTime>
<ownerDesignName>exercicio_pastelaria</ownerDesignName>
<pk>true</pk>
<indexState>Primary Constraint</indexState>
<isSurrogateKey>false</isSurrogateKey>
<indexColumnUsage>
<colUsage columnID="71DD215D-CD7F-732A-144E-CC8CBE5FE3A8"/>
</indexColumnUsage>
</ind_PK_UK>
<ind_PK_UK id="2992FE1D-8565-0BBA-623E-A4D7707EAF04" name="TB_CONTATO_TB_CLIENTE_FK">
<createdBy>logonrmlocal</createdBy>
<createdTime>2024-04-04 01:10:36 UTC</createdTime>
<generatorID>02B71FD3-E58A-8D33-A70F-D2558A806658</generatorID>
<ownerDesignName>exercicio_pastelaria</ownerDesignName>
<indexState>Foreign Key</indexState>
<isSurrogateKey>false</isSurrogateKey>
<indexColumnUsage>
<colUsage columnID="71DD215D-CD7F-732A-144E-CC8CBE5FE3A8"/>
</indexColumnUsage>
</ind_PK_UK>
</indexes>
</Table>