<?xml version = '1.0' encoding = 'UTF-8'?>
<Table class="oracle.dbtools.crest.model.design.relational.Table" directorySegmentName="seg_0" id="DD8F1E9D-68C3-E941-892E-4173556F5E21" name="TB_LOGIN">
<createdBy>logonrmlocal</createdBy>
<createdTime>2024-04-04 01:10:36 UTC</createdTime>
<generatorID>DA583AAC-43B2-E3E7-4C82-210773DEC176</generatorID>
<ownerDesignName>exercicio_pastelaria</ownerDesignName>
<allowColumnReorder>false</allowColumnReorder>
<existDependencyGenerateInDDl>true</existDependencyGenerateInDDl>
<parsed>true</parsed>
<columns itemClass="oracle.dbtools.crest.model.design.relational.Column">
<Column name="usuario" id="801A8AD2-75B8-F646-159A-9C0F4B8DD503">
<createdBy>logonrmlocal</createdBy>
<createdTime>2024-04-04 01:10:36 UTC</createdTime>
<generatorID>7FB9197B-C2DD-6D87-5A4D-61B1DB225151</generatorID>
<ownerDesignName>exercicio_pastelaria</ownerDesignName>
<nullsAllowed>true</nullsAllowed>
<useDomainConstraints>false</useDomainConstraints>
<use>1</use>
<logicalDatatype>LOGDT024</logicalDatatype>
<ownDataTypeParameters>,,</ownDataTypeParameters>
<autoIncrementCycle>false</autoIncrementCycle>
</Column>
<Column name="senha" id="BE521A3D-2E90-D31A-78E6-53ECA07CEE19">
<createdBy>logonrmlocal</createdBy>
<createdTime>2024-04-04 01:10:36 UTC</createdTime>
<generatorID>04CE58BF-3014-5794-5F01-2A899A1F6CD9</generatorID>
<ownerDesignName>exercicio_pastelaria</ownerDesignName>
<nullsAllowed>true</nullsAllowed>
<useDomainConstraints>false</useDomainConstraints>
<use>1</use>
<logicalDatatype>LOGDT024</logicalDatatype>
<ownDataTypeParameters>,,</ownDataTypeParameters>
<autoIncrementCycle>false</autoIncrementCycle>
</Column>
<Column name="id_cliente" id="89E46B88-996A-568F-A41C-FE79C11A8BC5">
<createdBy>logonrmlocal</createdBy>
<createdTime>2024-04-04 01:10:36 UTC</createdTime>
<generatorID>6EF23535-B0A3-9EB6-590C-6E9453B362FA</generatorID>
<ownerDesignName>exercicio_pastelaria</ownerDesignName>
<useDomainConstraints>false</useDomainConstraints>
<use>1</use>
<logicalDatatype>LOGDT011</logicalDatatype>
<ownDataTypeParameters>,,</ownDataTypeParameters>
<previousColumn>false</previousColumn>
<autoIncrementCycle>false</autoIncrementCycle>
<associations>
<colAssociation fkAssociation="C709D305-CEED-FE1B-C66E-47A28162EC0F" referredColumn="66061FFF-3C9A-E907-5124-430BA30E6A65"/>
</associations>
</Column>
</columns>
<indexes itemClass="oracle.dbtools.crest.model.design.relational.Index">
<ind_PK_UK id="CC46585C-47B3-B570-0648-1573358A0667" name="TB_LOGIN__IDX">
<createdBy>logonrmlocal</createdBy>
<createdTime>2024-04-04 01:10:36 UTC</createdTime>
<ownerDesignName>exercicio_pastelaria</ownerDesignName>
<indexState>Unique Plain Index</indexState>
<isSurrogateKey>false</isSurrogateKey>
<relationGeneratorID>C71D0C80-BA5D-1348-280B-81360EA74F69</relationGeneratorID>
<indexColumnUsage>
<colUsage columnID="89E46B88-996A-568F-A41C-FE79C11A8BC5"/>
</indexColumnUsage>
</ind_PK_UK>
<ind_PK_UK id="10C9982B-D238-25B6-59C7-7D1E8B6CB6EB" name="TB_LOGIN_TB_CLIENTE_FK">
<createdBy>logonrmlocal</createdBy>
<createdTime>2024-04-04 01:10:36 UTC</createdTime>
<generatorID>C71D0C80-BA5D-1348-280B-81360EA74F69</generatorID>
<ownerDesignName>exercicio_pastelaria</ownerDesignName>
<indexState>Foreign Key</indexState>
<isSurrogateKey>false</isSurrogateKey>
<indexColumnUsage>
<colUsage columnID="89E46B88-996A-568F-A41C-FE79C11A8BC5"/>
</indexColumnUsage>
</ind_PK_UK>
</indexes>
</Table>