<?xml version = '1.0' encoding = 'UTF-8'?>
<Table class="oracle.dbtools.crest.model.design.relational.Table" directorySegmentName="seg_0" id="F26C6A47-0A49-C507-0E93-277FFC52358C" name="TB_SALGADO">
<createdBy>logonrmlocal</createdBy>
<createdTime>2024-04-04 01:10:36 UTC</createdTime>
<generatorID>EE9C9A88-741D-C100-EADE-68B68330F883</generatorID>
<ownerDesignName>exercicio_pastelaria</ownerDesignName>
<allowColumnReorder>false</allowColumnReorder>
<existDependencyGenerateInDDl>true</existDependencyGenerateInDDl>
<parsed>true</parsed>
<columns itemClass="oracle.dbtools.crest.model.design.relational.Column">
<Column name="id_salgado" id="343CD366-8AE9-876C-B170-1C03E4C023A3">
<createdBy>logonrmlocal</createdBy>
<createdTime>2024-04-04 01:10:36 UTC</createdTime>
<generatorID>5DC96089-51A5-83D7-C8FE-42D72ADB5741</generatorID>
<ownerDesignName>exercicio_pastelaria</ownerDesignName>
<useDomainConstraints>false</useDomainConstraints>
<use>1</use>
<logicalDatatype>LOGDT011</logicalDatatype>
<ownDataTypeParameters>,,</ownDataTypeParameters>
<autoIncrementCycle>false</autoIncrementCycle>
</Column>
<Column name="nome_salgado" id="30D93B5E-30D0-B2EA-4287-B4DC802A00D7">
<createdBy>logonrmlocal</createdBy>
<createdTime>2024-04-04 01:10:36 UTC</createdTime>
<generatorID>8F132928-E680-6177-2222-8A1EC4152297</generatorID>
<ownerDesignName>exercicio_pastelaria</ownerDesignName>
<nullsAllowed>true</nullsAllowed>
<useDomainConstraints>false</useDomainConstraints>
<use>1</use>
<logicalDatatype>LOGDT024</logicalDatatype>
<ownDataTypeParameters>,,</ownDataTypeParameters>
<autoIncrementCycle>false</autoIncrementCycle>
</Column>
<Column name="preco_salgado" id="314BEBE5-2799-C2C0-5ECF-2E0E84C46BBC">
<createdBy>logonrmlocal</createdBy>
<createdTime>2024-04-04 01:10:36 UTC</createdTime>
<generatorID>28B11F45-3D4C-A13F-6C1B-2C075D8EBD1E</generatorID>
<ownerDesignName>exercicio_pastelaria</ownerDesignName>
<nullsAllowed>true</nullsAllowed>
<useDomainConstraints>false</useDomainConstraints>
<use>1</use>
<logicalDatatype>LOGDT011</logicalDatatype>
<ownDataTypeParameters>,,</ownDataTypeParameters>
<autoIncrementCycle>false</autoIncrementCycle>
</Column>
<Column name="NULL SET GENERATED_73" id="286A7139-F2C1-0A9D-D71B-D87B01A83CAB">
<createdBy>logonrmlocal</createdBy>
<createdTime>2024-04-04 01:10:36 UTC</createdTime>
<ownerDesignName>exercicio_pastelaria</ownerDesignName>
<useDomainConstraints>false</useDomainConstraints>
<use>1</use>
<logicalDatatype>LOGDT019</logicalDatatype>
<ownDataTypeParameters>,,</ownDataTypeParameters>
<autoIncrementColumn>true</autoIncrementColumn>
<identityColumn>true</identityColumn>
<autoIncrementCycle>false</autoIncrementCycle>
<isSurrogateColumn>true</isSurrogateColumn>
</Column>
</columns>
<indexes itemClass="oracle.dbtools.crest.model.design.relational.Index">
<ind_PK_UK id="2618E6B5-6262-04C1-3FF1-EF2FCE215968" name="TB_SALGADO_PK">
<createdBy>logonrmlocal</createdBy>
<createdTime>2024-04-04 01:10:36 UTC</createdTime>
<ownerDesignName>exercicio_pastelaria</ownerDesignName>
<pk>true</pk>
<indexState>Primary Constraint</indexState>
<indexColumnUsage>
<colUsage columnID="286A7139-F2C1-0A9D-D71B-D87B01A83CAB"/>
<colUsage columnID="343CD366-8AE9-876C-B170-1C03E4C023A3"/>
</indexColumnUsage>
</ind_PK_UK>
<ind_PK_UK id="9E5E858A-6A0A-E618-CBD7-0C4AC11375F5" name="TB_SALGADO_id_salgado_UN">
<createdBy>logonrmlocal</createdBy>
<createdTime>2024-04-04 01:19:34 UTC</createdTime>
<generatorID>6B842BFE-807D-BB94-1A4D-19E4FDBE0861</generatorID>
<ownerDesignName>exercicio_pastelaria</ownerDesignName>
<indexState>Unique Constraint</indexState>
<isSurrogateKey>false</isSurrogateKey>
<indexColumnUsage>
<colUsage columnID="343CD366-8AE9-876C-B170-1C03E4C023A3"/>
</indexColumnUsage>
</ind_PK_UK>
</indexes>
</Table>