<?xml version = '1.0' encoding = 'UTF-8'?>
<Diagram class="oracle.dbtools.crest.swingui.logical.DPVLogical" name="Logical" id="E397D983-6623-32A2-C104-18C0A83E69FA">
<createdBy>logonrmlocal</createdBy>
<modifiedBy>logonrmlocal</modifiedBy>
<createdTime>2024-04-04 01:03:42 UTC</createdTime>
<autoRoute>false</autoRoute>
<boxInbox>true</boxInbox>
<showLegend>false</showLegend>
<showLabels>false</showLabels>
<showRelAttributes>false</showRelAttributes>
<gridEnabled>false</gridEnabled>
<showGrid>false</showGrid>
<diagramColor>-1</diagramColor>
<display>false</display>
<notation>1</notation>
<objectViews>
<OView class="oracle.dbtools.crest.swingui.logical.TVEntity" oid="1303DFF5-0E9D-A923-AC48-A12884D0871C" otype="Entity" vid="72E0198D-CC46-E196-C454-19F7EBC64217">
<hideElementsInCurrentOnly>false</hideElementsInCurrentOnly>
<bounds x="50" y="58" width="170" height="95"/>
</OView>
<OView class="oracle.dbtools.crest.swingui.logical.TVEntity" oid="465356DE-4439-A101-AE88-35288C0E7B19" otype="Entity" vid="89D38A71-BF4A-59FD-63B6-AB21A3EF4464">
<hideElementsInCurrentOnly>false</hideElementsInCurrentOnly>
<bounds x="317" y="200" width="170" height="110"/>
</OView>
<OView class="oracle.dbtools.crest.swingui.logical.TVEntity" oid="DA583AAC-43B2-E3E7-4C82-210773DEC176" otype="Entity" vid="D4FCB0F0-403F-707B-6C96-E6CAD124943C">
<hideElementsInCurrentOnly>false</hideElementsInCurrentOnly>
<bounds x="49" y="224" width="170" height="81"/>
</OView>
<OView class="oracle.dbtools.crest.swingui.logical.TVEntity" oid="EE9C9A88-741D-C100-EADE-68B68330F883" otype="Entity" vid="856283CC-DCFB-81EA-A642-FEEA228810F1">
<hideElementsInCurrentOnly>false</hideElementsInCurrentOnly>
<bounds x="312" y="48" width="170" height="98"/>
</OView>
<OView class="oracle.dbtools.crest.swingui.logical.TVEntity" oid="FBAB0EF4-CB42-9E1F-3FD5-602689478391" otype="Entity" vid="71ADD53E-E605-682D-12CB-34F6F5705751">
<hideElementsInCurrentOnly>false</hideElementsInCurrentOnly>
<bounds x="566" y="46" width="170" height="110"/>
</OView>
</objectViews>
<connectors>
<Connector class="oracle.dbtools.crest.swingui.logical.TVRelation" oid="02B71FD3-E58A-8D33-A70F-D2558A806658" otype="Relation" vid_source="72E0198D-CC46-E196-C454-19F7EBC64217" vid_target="89D38A71-BF4A-59FD-63B6-AB21A3EF4464">
<hideElementsInCurrentOnly>false</hideElementsInCurrentOnly>
<backgroundColor>-16777216</backgroundColor>
<lineWidth>1</lineWidth>
<points>
<point x="219" y="153"/>
<point x="317" y="207"/>
</points>
</Connector>
<Connector class="oracle.dbtools.crest.swingui.logical.TVRelation" oid="2368F719-5E1B-9B5D-626C-D22E686EC7B8" otype="Relation" vid_source="72E0198D-CC46-E196-C454-19F7EBC64217" vid_target="856283CC-DCFB-81EA-A642-FEEA228810F1">
<hideElementsInCurrentOnly>false</hideElementsInCurrentOnly>
<backgroundColor>-16777216</backgroundColor>
<lineWidth>1</lineWidth>
<points>
<point x="220" y="102"/>
<point x="312" y="102"/>
</points>
</Connector>
<Connector class="oracle.dbtools.crest.swingui.logical.TVRelation" oid="26236E48-8032-DD4B-8238-207246436F15" otype="Relation" vid_source="856283CC-DCFB-81EA-A642-FEEA228810F1" vid_target="71ADD53E-E605-682D-12CB-34F6F5705751">
<hideElementsInCurrentOnly>false</hideElementsInCurrentOnly>
<backgroundColor>-16777216</backgroundColor>
<lineWidth>1</lineWidth>
<points>
<point x="482" y="97"/>
<point x="566" y="97"/>
</points>
</Connector>
<Connector class="oracle.dbtools.crest.swingui.logical.TVRelation" oid="C71D0C80-BA5D-1348-280B-81360EA74F69" otype="Relation" vid_source="72E0198D-CC46-E196-C454-19F7EBC64217" vid_target="D4FCB0F0-403F-707B-6C96-E6CAD124943C">
<hideElementsInCurrentOnly>false</hideElementsInCurrentOnly>
<backgroundColor>-16777216</backgroundColor>
<lineWidth>1</lineWidth>
<points>
<point x="134" y="153"/>
<point x="134" y="224"/>
</points>
</Connector>
</connectors>
</Diagram>