<?xml version = '1.0' encoding = 'UTF-8'?>
<Relation class="oracle.dbtools.crest.model.design.logical.Relation" name="Relation_4" directorySegmentName="seg_0" id="02B71FD3-E58A-8D33-A70F-D2558A806658">
<createdBy>logonrmlocal</createdBy>
<createdTime>2024-04-04 01:10:28 UTC</createdTime>
<ownerDesignName>exercicio_pastelaria</ownerDesignName>
<engineerTo>
<item key="48630DE4-1B6A-8B9F-F8F8-1E52A4857515" value="true"/>
</engineerTo>
<sourcePk>B62B666F-D437-F9CB-099A-DC04A4F1D1B9</sourcePk>
<identifying>false</identifying>
<optionalSource>true</optionalSource>
<optionalTarget>false</optionalTarget>
<sourceCardinality>1</sourceCardinality>
<sourceEntity>1303DFF5-0E9D-A923-AC48-A12884D0871C</sourceEntity>
<targetCardinalityString>*</targetCardinalityString>
<targetEntity>465356DE-4439-A101-AE88-35288C0E7B19</targetEntity>
<transferable>true</transferable>
<deleteRule>NO ACTION</deleteRule>
</Relation>