<?xml version = '1.0' encoding = 'UTF-8'?>
<Relation class="oracle.dbtools.crest.model.design.logical.Relation" name="TB_RELACIONAL_PEDIDO" directorySegmentName="seg_0" id="2368F719-5E1B-9B5D-626C-D22E686EC7B8">
<createdBy>logonrmlocal</createdBy>
<createdTime>2024-04-04 01:09:47 UTC</createdTime>
<ownerDesignName>exercicio_pastelaria</ownerDesignName>
<engineerTo>
<item key="48630DE4-1B6A-8B9F-F8F8-1E52A4857515" value="true"/>
</engineerTo>
<identifying>false</identifying>
<optionalSource>true</optionalSource>
<optionalTarget>false</optionalTarget>
<sourceCardinality>*</sourceCardinality>
<sourceEntity>1303DFF5-0E9D-A923-AC48-A12884D0871C</sourceEntity>
<targetCardinalityString>*</targetCardinalityString>
<targetEntity>EE9C9A88-741D-C100-EADE-68B68330F883</targetEntity>
<transferable>true</transferable>
<deleteRule>NO ACTION</deleteRule>
</Relation>