<?xml version = '1.0' encoding = 'UTF-8'?>
<Relation class="oracle.dbtools.crest.model.design.logical.Relation" name="TB_RELACIONAL_COMPOSICAO" directorySegmentName="seg_0" id="26236E48-8032-DD4B-8238-207246436F15">
<createdBy>logonrmlocal</createdBy>
<createdTime>2024-04-04 01:10:11 UTC</createdTime>
<ownerDesignName>exercicio_pastelaria</ownerDesignName>
<engineerTo>
<item key="48630DE4-1B6A-8B9F-F8F8-1E52A4857515" value="true"/>
</engineerTo>
<identifying>false</identifying>
<optionalSource>true</optionalSource>
<optionalTarget>false</optionalTarget>
<sourceCardinality>*</sourceCardinality>
<sourceEntity>EE9C9A88-741D-C100-EADE-68B68330F883</sourceEntity>
<targetCardinalityString>*</targetCardinalityString>
<targetEntity>FBAB0EF4-CB42-9E1F-3FD5-602689478391</targetEntity>
<transferable>true</transferable>
<deleteRule>NO ACTION</deleteRule>
</Relation>