<?xml version = '1.0' encoding = 'UTF-8'?>
<Relation class="oracle.dbtools.crest.model.design.logical.Relation" name="Relation_1" directorySegmentName="seg_0" id="C71D0C80-BA5D-1348-280B-81360EA74F69">
<createdBy>logonrmlocal</createdBy>
<createdTime>2024-04-04 01:09:34 UTC</createdTime>
<ownerDesignName>exercicio_pastelaria</ownerDesignName>
<engineerTo>
<item key="48630DE4-1B6A-8B9F-F8F8-1E52A4857515" value="true"/>
</engineerTo>
<sourcePk>B62B666F-D437-F9CB-099A-DC04A4F1D1B9</sourcePk>
<identifying>false</identifying>
<optionalSource>true</optionalSource>
<optionalTarget>false</optionalTarget>
<sourceCardinality>1</sourceCardinality>
<sourceEntity>1303DFF5-0E9D-A923-AC48-A12884D0871C</sourceEntity>
<targetCardinalityString>1</targetCardinalityString>
<targetEntity>DA583AAC-43B2-E3E7-4C82-210773DEC176</targetEntity>
<transferable>true</transferable>
<deleteRule>NO ACTION</deleteRule>
</Relation>