<?xml version = '1.0' encoding = 'UTF-8'?>
<Entity class="oracle.dbtools.crest.model.design.logical.Entity" directorySegmentName="seg_0" id="1303DFF5-0E9D-A923-AC48-A12884D0871C" name="TB_CLIENTE">
<createdBy>logonrmlocal</createdBy>
<createdTime>2024-04-04 01:03:42 UTC</createdTime>
<ownerDesignName>exercicio_pastelaria</ownerDesignName>
<engineerTo>
<item key="48630DE4-1B6A-8B9F-F8F8-1E52A4857515" value="true"/>
</engineerTo>
<adequatelyNormalized>NO</adequatelyNormalized>
<expectedVolumes>0</expectedVolumes>
<fwdEngineeringStrategyName>Single Table</fwdEngineeringStrategyName>
<growthPercent>0</growthPercent>
<growthType>Year</growthType>
<maxVolumes>9999999</maxVolumes>
<minVolumes>0</minVolumes>
<normalForm>Third</normalForm>
<attributes itemClass="oracle.dbtools.crest.model.design.logical.Attribute">
<Attribute name="nome_cliente" id="457CAED5-7FED-06A2-B338-811B9760F540">
<createdBy>logonrmlocal</createdBy>
<createdTime>2024-04-04 01:05:35 UTC</createdTime>
<ownerDesignName>exercicio_pastelaria</ownerDesignName>
<engineerTo>
<item key="48630DE4-1B6A-8B9F-F8F8-1E52A4857515" value="true"/>
</engineerTo>
<nullsAllowed>true</nullsAllowed>
<useDomainConstraints>false</useDomainConstraints>
<use>1</use>
<logicalDatatype>LOGDT024</logicalDatatype>
<ownDataTypeParameters>,,</ownDataTypeParameters>
</Attribute>
<Attribute name="id_cliente" id="56735AFA-55B1-5BB6-AAF0-58489F89E8DF">
<createdBy>logonrmlocal</createdBy>
<createdTime>2024-04-04 01:05:43 UTC</createdTime>
<ownerDesignName>exercicio_pastelaria</ownerDesignName>
<engineerTo>
<item key="48630DE4-1B6A-8B9F-F8F8-1E52A4857515" value="true"/>
</engineerTo>
<useDomainConstraints>false</useDomainConstraints>
<use>1</use>
<logicalDatatype>LOGDT011</logicalDatatype>
<ownDataTypeParameters>,,</ownDataTypeParameters>
</Attribute>
<Attribute name="endereco_cliente" id="16C10A07-20D3-F5D6-91EE-C0BF9D82B73A">
<createdBy>logonrmlocal</createdBy>
<createdTime>2024-04-04 01:05:58 UTC</createdTime>
<ownerDesignName>exercicio_pastelaria</ownerDesignName>
<engineerTo>
<item key="48630DE4-1B6A-8B9F-F8F8-1E52A4857515" value="true"/>
</engineerTo>
<nullsAllowed>true</nullsAllowed>
<useDomainConstraints>false</useDomainConstraints>
<use>1</use>
<logicalDatatype>LOGDT024</logicalDatatype>
<ownDataTypeParameters>,,</ownDataTypeParameters>
</Attribute>
</attributes>
<identifiers itemClass="oracle.dbtools.crest.model.design.logical.CandidateKey">
<identifier id="B62B666F-D437-F9CB-099A-DC04A4F1D1B9" name="TB_CLIENTE PK">
<createdBy>logonrmlocal</createdBy>
<createdTime>2024-04-04 01:05:52 UTC</createdTime>
<ownerDesignName>exercicio_pastelaria</ownerDesignName>
<shouldEngineer>false</shouldEngineer>
<engineerTo>
<item key="48630DE4-1B6A-8B9F-F8F8-1E52A4857515" value="false"/>
</engineerTo>
<pk>true</pk>
<usedAttributes>
<attributeRef>56735AFA-55B1-5BB6-AAF0-58489F89E8DF</attributeRef>
</usedAttributes>
</identifier>
</identifiers>
</Entity>