<?xml version = '1.0' encoding = 'UTF-8'?>
<Entity class="oracle.dbtools.crest.model.design.logical.Entity" directorySegmentName="seg_0" id="465356DE-4439-A101-AE88-35288C0E7B19" name="TB_CONTATO">
<createdBy>logonrmlocal</createdBy>
<createdTime>2024-04-04 01:07:53 UTC</createdTime>
<ownerDesignName>exercicio_pastelaria</ownerDesignName>
<engineerTo>
<item key="48630DE4-1B6A-8B9F-F8F8-1E52A4857515" value="true"/>
</engineerTo>
<adequatelyNormalized>NO</adequatelyNormalized>
<expectedVolumes>0</expectedVolumes>
<fwdEngineeringStrategyName>Single Table</fwdEngineeringStrategyName>
<growthPercent>0</growthPercent>
<growthType>Year</growthType>
<maxVolumes>9999999</maxVolumes>
<minVolumes>0</minVolumes>
<normalForm>Third</normalForm>
<attributes itemClass="oracle.dbtools.crest.model.design.logical.Attribute">
<Attribute name="email" id="EE999E48-6768-F29F-FB3A-37E9C5C42332">
<createdBy>logonrmlocal</createdBy>
<createdTime>2024-04-04 01:08:22 UTC</createdTime>
<ownerDesignName>exercicio_pastelaria</ownerDesignName>
<engineerTo>
<item key="48630DE4-1B6A-8B9F-F8F8-1E52A4857515" value="true"/>
</engineerTo>
<nullsAllowed>true</nullsAllowed>
<useDomainConstraints>false</useDomainConstraints>
<use>1</use>
<logicalDatatype>LOGDT024</logicalDatatype>
<ownDataTypeParameters>,,</ownDataTypeParameters>
</Attribute>
<Attribute name="telefone" id="0A98C3A0-048E-02CA-4F50-0AE92533BA27">
<createdBy>logonrmlocal</createdBy>
<createdTime>2024-04-04 01:08:32 UTC</createdTime>
<ownerDesignName>exercicio_pastelaria</ownerDesignName>
<engineerTo>
<item key="48630DE4-1B6A-8B9F-F8F8-1E52A4857515" value="true"/>
</engineerTo>
<nullsAllowed>true</nullsAllowed>
<useDomainConstraints>false</useDomainConstraints>
<use>1</use>
<logicalDatatype>LOGDT011</logicalDatatype>
<ownDataTypeParameters>,,</ownDataTypeParameters>
</Attribute>
<Attribute name="id_cliente" id="14A33FE7-4F4C-6E19-4C1D-A24D2A2940A8">
<createdBy>logonrmlocal</createdBy>
<createdTime>2024-04-04 01:10:28 UTC</createdTime>
<generatorID>02B71FD3-E58A-8D33-A70F-D2558A806658</generatorID>
<ownerDesignName>exercicio_pastelaria</ownerDesignName>
<engineerTo>
<item key="48630DE4-1B6A-8B9F-F8F8-1E52A4857515" value="true"/>
</engineerTo>
<referedAttribute>56735AFA-55B1-5BB6-AAF0-58489F89E8DF</referedAttribute>
<useDomainConstraints>false</useDomainConstraints>
<use>1</use>
<logicalDatatype>LOGDT011</logicalDatatype>
<ownDataTypeParameters>,,</ownDataTypeParameters>
</Attribute>
</attributes>
</Entity>