<?xml version = '1.0' encoding = 'UTF-8'?>
<Entity class="oracle.dbtools.crest.model.design.logical.Entity" directorySegmentName="seg_0" id="EE9C9A88-741D-C100-EADE-68B68330F883" name="TB_SALGADO">
<createdBy>logonrmlocal</createdBy>
<createdTime>2024-04-04 01:05:10 UTC</createdTime>
<ownerDesignName>exercicio_pastelaria</ownerDesignName>
<engineerTo>
<item key="48630DE4-1B6A-8B9F-F8F8-1E52A4857515" value="true"/>
</engineerTo>
<adequatelyNormalized>NO</adequatelyNormalized>
<expectedVolumes>0</expectedVolumes>
<fwdEngineeringStrategyName>Single Table</fwdEngineeringStrategyName>
<growthPercent>0</growthPercent>
<growthType>Year</growthType>
<maxVolumes>9999999</maxVolumes>
<minVolumes>0</minVolumes>
<normalForm>Third</normalForm>
<attributes itemClass="oracle.dbtools.crest.model.design.logical.Attribute">
<Attribute name="id_salgado" id="5DC96089-51A5-83D7-C8FE-42D72ADB5741">
<createdBy>logonrmlocal</createdBy>
<createdTime>2024-04-04 01:07:01 UTC</createdTime>
<ownerDesignName>exercicio_pastelaria</ownerDesignName>
<engineerTo>
<item key="48630DE4-1B6A-8B9F-F8F8-1E52A4857515" value="true"/>
</engineerTo>
<useDomainConstraints>false</useDomainConstraints>
<use>1</use>
<logicalDatatype>LOGDT011</logicalDatatype>
<ownDataTypeParameters>,,</ownDataTypeParameters>
</Attribute>
<Attribute name="nome_salgado" id="8F132928-E680-6177-2222-8A1EC4152297">
<createdBy>logonrmlocal</createdBy>
<createdTime>2024-04-04 01:07:11 UTC</createdTime>
<ownerDesignName>exercicio_pastelaria</ownerDesignName>
<engineerTo>
<item key="48630DE4-1B6A-8B9F-F8F8-1E52A4857515" value="true"/>
</engineerTo>
<nullsAllowed>true</nullsAllowed>
<useDomainConstraints>false</useDomainConstraints>
<use>1</use>
<logicalDatatype>LOGDT024</logicalDatatype>
<ownDataTypeParameters>,,</ownDataTypeParameters>
</Attribute>
<Attribute name="preco_salgado" id="28B11F45-3D4C-A13F-6C1B-2C075D8EBD1E">
<createdBy>logonrmlocal</createdBy>
<createdTime>2024-04-04 01:07:23 UTC</createdTime>
<ownerDesignName>exercicio_pastelaria</ownerDesignName>
<engineerTo>
<item key="48630DE4-1B6A-8B9F-F8F8-1E52A4857515" value="true"/>
</engineerTo>
<nullsAllowed>true</nullsAllowed>
<useDomainConstraints>false</useDomainConstraints>
<use>1</use>
<logicalDatatype>LOGDT011</logicalDatatype>
<ownDataTypeParameters>,,</ownDataTypeParameters>
</Attribute>
</attributes>
<identifiers itemClass="oracle.dbtools.crest.model.design.logical.CandidateKey">
<identifier id="6B842BFE-807D-BB94-1A4D-19E4FDBE0861" name="TB_SALGADO PK">
<createdBy>logonrmlocal</createdBy>
<createdTime>2024-04-04 01:19:28 UTC</createdTime>
<ownerDesignName>exercicio_pastelaria</ownerDesignName>
<engineerTo>
<item key="48630DE4-1B6A-8B9F-F8F8-1E52A4857515" value="true"/>
</engineerTo>
<pk>true</pk>
<usedAttributes>
<attributeRef>5DC96089-51A5-83D7-C8FE-42D72ADB5741</attributeRef>
</usedAttributes>
</identifier>
</identifiers>
</Entity>