<?xml version = '1.0' encoding = 'UTF-8'?>
<Entity class="oracle.dbtools.crest.model.design.logical.Entity" directorySegmentName="seg_0" id="FBAB0EF4-CB42-9E1F-3FD5-602689478391" name="TB_INGREDIENTE">
<createdBy>logonrmlocal</createdBy>
<createdTime>2024-04-04 01:08:02 UTC</createdTime>
<ownerDesignName>exercicio_pastelaria</ownerDesignName>
<engineerTo>
<item key="48630DE4-1B6A-8B9F-F8F8-1E52A4857515" value="true"/>
</engineerTo>
<adequatelyNormalized>NO</adequatelyNormalized>
<expectedVolumes>0</expectedVolumes>
<fwdEngineeringStrategyName>Single Table</fwdEngineeringStrategyName>
<growthPercent>0</growthPercent>
<growthType>Year</growthType>
<maxVolumes>9999999</maxVolumes>
<minVolumes>0</minVolumes>
<normalForm>Third</normalForm>
<attributes itemClass="oracle.dbtools.crest.model.design.logical.Attribute">
<Attribute name="id_ingrediente" id="1CBF2D29-1897-FAF7-DBBE-59CB19FA3E59">
<createdBy>logonrmlocal</createdBy>
<createdTime>2024-04-04 01:08:42 UTC</createdTime>
<ownerDesignName>exercicio_pastelaria</ownerDesignName>
<engineerTo>
<item key="48630DE4-1B6A-8B9F-F8F8-1E52A4857515" value="true"/>
</engineerTo>
<useDomainConstraints>false</useDomainConstraints>
<use>1</use>
<logicalDatatype>LOGDT011</logicalDatatype>
<ownDataTypeParameters>,,</ownDataTypeParameters>
</Attribute>
<Attribute name="nome_ingrediente" id="7D545583-EF3C-6552-C7EE-940F4685D02D">
<createdBy>logonrmlocal</createdBy>
<createdTime>2024-04-04 01:09:05 UTC</createdTime>
<ownerDesignName>exercicio_pastelaria</ownerDesignName>
<engineerTo>
<item key="48630DE4-1B6A-8B9F-F8F8-1E52A4857515" value="true"/>
</engineerTo>
<nullsAllowed>true</nullsAllowed>
<useDomainConstraints>false</useDomainConstraints>
<use>1</use>
<logicalDatatype>LOGDT024</logicalDatatype>
<ownDataTypeParameters>,,</ownDataTypeParameters>
</Attribute>
</attributes>
<identifiers itemClass="oracle.dbtools.crest.model.design.logical.CandidateKey">
<identifier id="379FED13-BFAB-4136-32B0-9B97FEBEB10A" name="TB_INGREDIENTE PK">
<createdBy>logonrmlocal</createdBy>
<createdTime>2024-04-04 01:09:19 UTC</createdTime>
<ownerDesignName>exercicio_pastelaria</ownerDesignName>
<shouldEngineer>false</shouldEngineer>
<engineerTo>
<item key="48630DE4-1B6A-8B9F-F8F8-1E52A4857515" value="false"/>
</engineerTo>
<pk>true</pk>
<usedAttributes>
<attributeRef>1CBF2D29-1897-FAF7-DBBE-59CB19FA3E59</attributeRef>
</usedAttributes>
</identifier>
</identifiers>
</Entity>