<?xml version = '1.0' encoding = 'UTF-8'?>
<relationalModel class="oracle.dbtools.crest.model.design.relational.RelationalDesign" name="Relational_1" id="48630DE4-1B6A-8B9F-F8F8-1E52A4857515" mainViewID="1F69DDA4-FA97-2A58-530D-5D54F5575B2C">
<createdBy>logonrmlocal</createdBy>
<createdTime>2024-04-04 01:03:27 UTC</createdTime>
<ownerDesignName>exercicio_pastelaria</ownerDesignName>
<shouldBeOpen>false</shouldBeOpen>
<selectedRDBMSSite>32076570-2523-435C-2E92-BF29817DFF70</selectedRDBMSSite>
</relationalModel>