<?xml version = '1.0' encoding = 'UTF-8'?>
<FKIndexAssociation class="oracle.dbtools.crest.model.design.relational.FKIndexAssociation" directorySegmentName="seg_0" id="652F3AA0-4B2C-EF45-D4EF-3F27BE7EE277" containerWithKeyObject="AE7211D3-6E9D-956B-F615-3398C8969693" localFKIndex="2992FE1D-8565-0BBA-623E-A4D7707EAF04" name="TB_CONTATO_TB_CLIENTE_FK">
<createdBy>logonrmlocal</createdBy>
<createdTime>2024-04-04 01:10:36 UTC</createdTime>
<generatorID>02B71FD3-E58A-8D33-A70F-D2558A806658</generatorID>
<ownerDesignName>exercicio_pastelaria</ownerDesignName>
<referredTableLongName>TB_CLIENTE</referredTableLongName>
<deleteRule>NO ACTION</deleteRule>
<referredTableID>1D4D4BE4-CFDA-D17E-9FB0-E140AC5A8B2F</referredTableID>
<keyObject>E5587C77-FE39-9918-7EDA-272FD4B29695</keyObject>
<referredKeyID>E5587C77-FE39-9918-7EDA-272FD4B29695</referredKeyID>
<mandatory>true</mandatory>
<refColNames>id_cliente</refColNames>
<transferable>true</transferable>
<rely>false</rely>
<columnDependencyConstraintGenerateInDDL>true</columnDependencyConstraintGenerateInDDL>
</FKIndexAssociation>