<?xml version = '1.0' encoding = 'UTF-8'?>
<FKIndexAssociation class="oracle.dbtools.crest.model.design.relational.FKIndexAssociation" directorySegmentName="seg_0" id="71970196-8FE0-B785-6305-B1D310C506FA" containerWithKeyObject="98C965EB-2CA4-3E02-8CE6-148D2135E4D4" localFKIndex="3A6C2489-A5DE-6BAA-26FC-F25056D5DFA9" name="TB_RELACIONAL_COMPOSICAO_TB_INGREDIENTE_FK">
<createdBy>logonrmlocal</createdBy>
<createdTime>2024-04-04 01:10:36 UTC</createdTime>
<generatorID>26236E48-8032-DD4B-8238-207246436F15</generatorID>
<ownerDesignName>exercicio_pastelaria</ownerDesignName>
<referredTableLongName>TB_INGREDIENTE</referredTableLongName>
<deleteRule>NO ACTION</deleteRule>
<referredTableID>359DCC0A-5273-50FC-789A-4DB6FBC57AF9</referredTableID>
<keyObject>79B79BFC-D917-5AB7-4B2E-C2BE55643C8F</keyObject>
<referredKeyID>79B79BFC-D917-5AB7-4B2E-C2BE55643C8F</referredKeyID>
<mandatory>true</mandatory>
<refColNames>id_ingrediente</refColNames>
<transferable>true</transferable>
<rely>false</rely>
<columnDependencyConstraintGenerateInDDL>true</columnDependencyConstraintGenerateInDDL>
</FKIndexAssociation>