<?xml version = '1.0' encoding = 'UTF-8'?>
<FKIndexAssociation class="oracle.dbtools.crest.model.design.relational.FKIndexAssociation" directorySegmentName="seg_0" id="C709D305-CEED-FE1B-C66E-47A28162EC0F" containerWithKeyObject="DD8F1E9D-68C3-E941-892E-4173556F5E21" localFKIndex="10C9982B-D238-25B6-59C7-7D1E8B6CB6EB" name="TB_LOGIN_TB_CLIENTE_FK">
<createdBy>logonrmlocal</createdBy>
<createdTime>2024-04-04 01:10:36 UTC</createdTime>
<generatorID>C71D0C80-BA5D-1348-280B-81360EA74F69</generatorID>
<ownerDesignName>exercicio_pastelaria</ownerDesignName>
<referredTableLongName>TB_CLIENTE</referredTableLongName>
<deleteRule>NO ACTION</deleteRule>
<referredTableID>1D4D4BE4-CFDA-D17E-9FB0-E140AC5A8B2F</referredTableID>
<keyObject>E5587C77-FE39-9918-7EDA-272FD4B29695</keyObject>
<referredKeyID>E5587C77-FE39-9918-7EDA-272FD4B29695</referredKeyID>
<mandatory>true</mandatory>
<refColNames>id_cliente</refColNames>
<transferable>true</transferable>
<rely>false</rely>
<columnDependencyConstraintGenerateInDDL>true</columnDependencyConstraintGenerateInDDL>
</FKIndexAssociation>