<?xml version = '1.0' encoding = 'UTF-8'?>
<FKIndexAssociation class="oracle.dbtools.crest.model.design.relational.FKIndexAssociation" directorySegmentName="seg_0" id="CA12FFE2-B7D1-A096-C235-7FE28837C334" containerWithKeyObject="3A0877CB-E78B-B372-B461-FF963E6D1387" localFKIndex="631964C5-9539-656A-3CB8-6638A53A5E34" name="TB_RELACIONAL_PEDIDO_TB_SALGADO_FK">
<createdBy>logonrmlocal</createdBy>
<createdTime>2024-04-04 01:10:36 UTC</createdTime>
<generatorID>2368F719-5E1B-9B5D-626C-D22E686EC7B8</generatorID>
<ownerDesignName>exercicio_pastelaria</ownerDesignName>
<referredTableLongName>TB_SALGADO</referredTableLongName>
<deleteRule>NO ACTION</deleteRule>
<referredTableID>F26C6A47-0A49-C507-0E93-277FFC52358C</referredTableID>
<keyObject>2618E6B5-6262-04C1-3FF1-EF2FCE215968</keyObject>
<referredKeyID>2618E6B5-6262-04C1-3FF1-EF2FCE215968</referredKeyID>
<mandatory>true</mandatory>
<refColNames>NULL SET GENERATED_73,id_salgado</refColNames>
<transferable>true</transferable>
<rely>false</rely>
<columnDependencyConstraintGenerateInDDL>true</columnDependencyConstraintGenerateInDDL>
</FKIndexAssociation>