<?xml version = '1.0' encoding = 'UTF-8'?>
<FKIndexAssociation class="oracle.dbtools.crest.model.design.relational.FKIndexAssociation" directorySegmentName="seg_0" id="E1346DA4-D940-8558-3AA6-DCFAD3EDA374" containerWithKeyObject="98C965EB-2CA4-3E02-8CE6-148D2135E4D4" localFKIndex="49CB3C70-0E10-4EE8-06A9-97FE4FB848C6" name="TB_RELACIONAL_COMPOSICAO_TB_SALGADO_FK">
<createdBy>logonrmlocal</createdBy>
<createdTime>2024-04-04 01:10:36 UTC</createdTime>
<generatorID>26236E48-8032-DD4B-8238-207246436F15</generatorID>
<ownerDesignName>exercicio_pastelaria</ownerDesignName>
<referredTableLongName>TB_SALGADO</referredTableLongName>
<deleteRule>NO ACTION</deleteRule>
<referredTableID>F26C6A47-0A49-C507-0E93-277FFC52358C</referredTableID>
<keyObject>2618E6B5-6262-04C1-3FF1-EF2FCE215968</keyObject>
<referredKeyID>2618E6B5-6262-04C1-3FF1-EF2FCE215968</referredKeyID>
<mandatory>true</mandatory>
<refColNames>NULL SET GENERATED_73,id_salgado</refColNames>
<transferable>true</transferable>
<rely>false</rely>
<columnDependencyConstraintGenerateInDDL>true</columnDependencyConstraintGenerateInDDL>
</FKIndexAssociation>