<?xml version = '1.0' encoding = 'UTF-8'?>
<FKIndexAssociation class="oracle.dbtools.crest.model.design.relational.FKIndexAssociation" directorySegmentName="seg_0" id="E7673AE7-7FC8-B28F-BE50-0CD8EA245D21" containerWithKeyObject="3A0877CB-E78B-B372-B461-FF963E6D1387" localFKIndex="98BADEFF-5D80-AE51-7F20-4E2E65335EF1" name="TB_RELACIONAL_PEDIDO_TB_CLIENTE_FK">
<createdBy>logonrmlocal</createdBy>
<createdTime>2024-04-04 01:10:36 UTC</createdTime>
<generatorID>2368F719-5E1B-9B5D-626C-D22E686EC7B8</generatorID>
<ownerDesignName>exercicio_pastelaria</ownerDesignName>
<referredTableLongName>TB_CLIENTE</referredTableLongName>
<deleteRule>NO ACTION</deleteRule>
<referredTableID>1D4D4BE4-CFDA-D17E-9FB0-E140AC5A8B2F</referredTableID>
<keyObject>E5587C77-FE39-9918-7EDA-272FD4B29695</keyObject>
<referredKeyID>E5587C77-FE39-9918-7EDA-272FD4B29695</referredKeyID>
<mandatory>true</mandatory>
<refColNames>id_cliente</refColNames>
<transferable>true</transferable>
<rely>false</rely>
<columnDependencyConstraintGenerateInDDL>true</columnDependencyConstraintGenerateInDDL>
</FKIndexAssociation>