<?xml version = '1.0' encoding = 'UTF-8'?>
<Diagram class="oracle.dbtools.crest.swingui.relational.DPVRelational" name="Relational_1" id="1F69DDA4-FA97-2A58-530D-5D54F5575B2C">
<createdBy>logonrmlocal</createdBy>
<modifiedBy>logonrmlocal</modifiedBy>
<createdTime>2024-04-04 01:10:36 UTC</createdTime>
<autoRoute>false</autoRoute>
<boxInbox>true</boxInbox>
<showLegend>false</showLegend>
<showLabels>false</showLabels>
<showRelAttributes>false</showRelAttributes>
<gridEnabled>false</gridEnabled>
<showGrid>false</showGrid>
<diagramColor>-1</diagramColor>
<display>false</display>
<notation>1</notation>
<objectViews>
<OView class="oracle.dbtools.crest.swingui.relational.TVTable" oid="1D4D4BE4-CFDA-D17E-9FB0-E140AC5A8B2F" otype="Table" vid="B787CBBE-DC9D-DB29-744B-55DCD633E041">
<hideElementsInCurrentOnly>false</hideElementsInCurrentOnly>
<bounds x="20" y="26" width="170" height="95"/>
</OView>
<OView class="oracle.dbtools.crest.swingui.relational.TVTable" oid="359DCC0A-5273-50FC-789A-4DB6FBC57AF9" otype="Table" vid="F741A9E2-0037-E993-538F-C135C50EE8F9">
<hideElementsInCurrentOnly>false</hideElementsInCurrentOnly>
<bounds x="645" y="40" width="170" height="110"/>
</OView>
<OView class="oracle.dbtools.crest.swingui.relational.TVTable" oid="3A0877CB-E78B-B372-B461-FF963E6D1387" otype="Table" vid="0B1FA2E6-1A69-B234-6F1E-74E382F74269">
<hideElementsInCurrentOnly>false</hideElementsInCurrentOnly>
<bounds x="226" y="46" width="170" height="129"/>
</OView>
<OView class="oracle.dbtools.crest.swingui.relational.TVTable" oid="98C965EB-2CA4-3E02-8CE6-148D2135E4D4" otype="Table" vid="3F93791F-4386-92E7-3EAC-82EFA8715430">
<hideElementsInCurrentOnly>false</hideElementsInCurrentOnly>
<bounds x="542" y="196" width="170" height="125"/>
</OView>
<OView class="oracle.dbtools.crest.swingui.relational.TVTable" oid="AE7211D3-6E9D-956B-F615-3398C8969693" otype="Table" vid="D6B32D95-3C59-1AB0-C022-B9A61CF58E69">
<hideElementsInCurrentOnly>false</hideElementsInCurrentOnly>
<bounds x="231" y="221" width="252" height="109"/>
</OView>
<OView class="oracle.dbtools.crest.swingui.relational.TVTable" oid="DD8F1E9D-68C3-E941-892E-4173556F5E21" otype="Table" vid="0DD43A2B-2CA2-93F1-A195-605356AE18E0">
<hideElementsInCurrentOnly>false</hideElementsInCurrentOnly>
<bounds x="17" y="207" width="170" height="104"/>
</OView>
<OView class="oracle.dbtools.crest.swingui.relational.TVTable" oid="F26C6A47-0A49-C507-0E93-277FFC52358C" otype="Table" vid="D06D8492-48F1-2388-561A-AD3214A710E1">
<hideElementsInCurrentOnly>false</hideElementsInCurrentOnly>
<bounds x="433" y="39" width="170" height="98"/>
</OView>
</objectViews>
<connectors>
<Connector class="oracle.dbtools.crest.swingui.relational.TVFKRelation" oid="652F3AA0-4B2C-EF45-D4EF-3F27BE7EE277" otype="FKIndexAssociation" vid_source="B787CBBE-DC9D-DB29-744B-55DCD633E041" vid_target="D6B32D95-3C59-1AB0-C022-B9A61CF58E69">
<hideElementsInCurrentOnly>false</hideElementsInCurrentOnly>
<backgroundColor>-16777216</backgroundColor>
<lineWidth>1</lineWidth>
<points>
<point x="164" y="121"/>
<point x="289" y="221"/>
</points>
</Connector>
<Connector class="oracle.dbtools.crest.swingui.relational.TVFKRelation" oid="71970196-8FE0-B785-6305-B1D310C506FA" otype="FKIndexAssociation" vid_source="F741A9E2-0037-E993-538F-C135C50EE8F9" vid_target="3F93791F-4386-92E7-3EAC-82EFA8715430">
<hideElementsInCurrentOnly>false</hideElementsInCurrentOnly>
<backgroundColor>-16777216</backgroundColor>
<lineWidth>1</lineWidth>
<points>
<point x="678" y="150"/>
<point x="678" y="196"/>
</points>
</Connector>
<Connector class="oracle.dbtools.crest.swingui.relational.TVFKRelation" oid="C709D305-CEED-FE1B-C66E-47A28162EC0F" otype="FKIndexAssociation" vid_source="B787CBBE-DC9D-DB29-744B-55DCD633E041" vid_target="0DD43A2B-2CA2-93F1-A195-605356AE18E0">
<hideElementsInCurrentOnly>false</hideElementsInCurrentOnly>
<backgroundColor>-16777216</backgroundColor>
<lineWidth>1</lineWidth>
<points>
<point x="103" y="121"/>
<point x="103" y="207"/>
</points>
</Connector>
<Connector class="oracle.dbtools.crest.swingui.relational.TVFKRelation" oid="CA12FFE2-B7D1-A096-C235-7FE28837C334" otype="FKIndexAssociation" vid_source="D06D8492-48F1-2388-561A-AD3214A710E1" vid_target="0B1FA2E6-1A69-B234-6F1E-74E382F74269">
<hideElementsInCurrentOnly>false</hideElementsInCurrentOnly>
<backgroundColor>-16777216</backgroundColor>
<lineWidth>1</lineWidth>
<points>
<point x="433" y="91"/>
<point x="396" y="91"/>
</points>
</Connector>
<Connector class="oracle.dbtools.crest.swingui.relational.TVFKRelation" oid="E1346DA4-D940-8558-3AA6-DCFAD3EDA374" otype="FKIndexAssociation" vid_source="D06D8492-48F1-2388-561A-AD3214A710E1" vid_target="3F93791F-4386-92E7-3EAC-82EFA8715430">
<hideElementsInCurrentOnly>false</hideElementsInCurrentOnly>
<backgroundColor>-16777216</backgroundColor>
<lineWidth>1</lineWidth>
<points>
<point x="572" y="137"/>
<point x="572" y="196"/>
</points>
</Connector>
<Connector class="oracle.dbtools.crest.swingui.relational.TVFKRelation" oid="E7673AE7-7FC8-B28F-BE50-0CD8EA245D21" otype="FKIndexAssociation" vid_source="B787CBBE-DC9D-DB29-744B-55DCD633E041" vid_target="0B1FA2E6-1A69-B234-6F1E-74E382F74269">
<hideElementsInCurrentOnly>false</hideElementsInCurrentOnly>
<backgroundColor>-16777216</backgroundColor>
<lineWidth>1</lineWidth>
<points>
<point x="190" y="83"/>
<point x="226" y="83"/>
</points>
</Connector>
</connectors>
</Diagram>